Job_Title,Department
Accounting Specialist,Accounts Receivable
Accounts Payable Manager,Accounts Payable
Accounts Payable Specialist II,Accounts Payable
Accounts Payable Specialist,Accounts Payable
Accounts Receivable Collections Specialist,Accounts Receivable
AR Collections Manager,Accounts Receivable
Branch Manager,Operations
Business Development Manager,Contracts
Buyer,Purchasing
Chemical Specialist,Service
Contracts Administrator,Contracts
Controller,Accounting
Credit Manager,Accounts Recievable
Customer Service Manager,Customer Service
Customer Service Representative,Customer Service
Customer Service Supervisor,Customer Service
Dispenser Installer,Service
Dispenser Technician,Customer Service
"Division Manager, Equipment",Sales
"Division Manager, Nat Accounts, Health Care",Sales
Division Manager,Sales
Divisional Manager Education,Sales
"Divisional Manager, Laundry Warewash Corporate",Sales
Driver-CDL,Transportation
Driver,Transportation
Equipment Specialist,Service
General Manager,Operations
HR Payroll Specialist,Human Resources
Inventory Specialist,Warehouse
Item Maintenance Coordinator,Purchasing
Jr. Sales Analyst,Contracts
Laundry Warewash Manager,Service
Marketing Coordinator,Marketing
Office Manager,Operations
Operations Manager,Operations
Parts Buyer,Service
Pricing Analyst,Contracts
Procurement Manager,Purchasing
ProDesk,Customer Service
Product Data Specialist,Marketing
Purchasing Manager,Purchasing
Regional General Manager,Operations
Regional Manager,Operations
Sales Manager,Sales
Sales Representative,Sales
Sales Support Manager,Sales
Sales Support Representative,Sales
Senior Accountant,Accounting
Senior Buyer,Purchasing
Senior Tech,Service
Service Coordinator,Service
"Service Manager Laundry & Warewash, Service",Service
Service Manager,Service
Service Technician,Service
Systems Engineer,IT
Warehouse Manager,Warehouse
Warehouse Supervisor,Warehouse
Warehouse,Warehouse
